{"cameraMode":{"drawMode":0,"name":"Shaded","section":"Shading Mode"},"sceneLighting":true,"audioPlay":false,"sceneViewState":{"m_AlwaysRefresh":false,"showFog":true,"showSkybox":true,"showFlares":true,"showImageEffects":true,"showParticleSystems":true,"showVisualEffectGraphs":true,"m_FxEnabled":true},"in2DMode":false,"pivot":{"x":-0.6468113660812378,"y":0.9768623113632202,"z":-1.6739598512649537},"rotation":{"x":-0.002458858070895076,"y":0.9957925081253052,"z":-0.08716404438018799,"w":-0.02808735892176628},"size":1.7660253047943116,"orthographic":false}